Price,Close,High,Low,Open,Volume,SMA,Daily_Return
Ticker,AAPL,AAPL,AAPL,AAPL,AAPL,,
Date,,,,,,,
2026-09-02,324.9599914550781,328.3999938964844,323.5299987792969,326.8699951171875,33776400,,
2026-09-03,328.2099914550781,330.80999755859375,324.1099853515625,324.8699951171875,37225800,,1.0001231183714099
2026-09-04,319.9700012207031,328.92999267578125,317.8599853515625,328.30999755859375,39606900,,-2.5105848234065142
2026-09-08,316.2200012207031,320.70001220703125,314.8999938964844,317.1000061035156,35477100,,-1.1719848691107093
2026-09-09,315.3399963378906,319.1499938964844,309.8999938964844,315.489990234375,65640000,320.93999633789065,-0.27828881140200545
2026-09-10,326.57000732421875,326.739990234375,316.510009765625,316.6700134277344,70011900,321.2619995117187,3.5612390171702257
2026-09-11,332.2699890136719,336.2200012207031,326.29998779296875,327.45001220703125,50716900,322.0739990234375,1.7454088133066703
2026-09-14,333.0799865722656,335.5,331.3399963378906,334.7900085449219,39269100,324.69599609375,0.24377692400032736
2026-09-15,331.3399963378906,331.7799987792969,328.3500061035156,330.1400146484375,31748200,327.7199951171875,-0.5223941108804753
2026-09-16,332.4100036621094,335.4800109863281,330.70001220703125,332.5299987792969,35981000,331.1339965820313,0.32293334219983816
2026-09-17,337.0,338.3399963378906,330.17999267578125,334.7699890136719,36700200,333.2199951171875,1.380823768034456
2026-09-18,336.1300048828125,338.489990234375,332.5299987792969,337.9100036621094,86588200,333.99199829101565,-0.2581587884829428
2026-09-21,338.9800109863281,339.6400146484375,333.04998779296875,335.2799987792969,34999200,335.1720031738281,0.8478880379956699
2026-09-22,339.75,345.3399963378906,338.75,340.1400146484375,40711800,336.85400390625,0.2271487960105567
2026-09-23,337.0199890136719,341.79998779296875,335.5,341.0799865722656,31658800,337.7760009765625,-0.8035352424806796
2026-09-24,335.9200134277344,338.9100036621094,334.29998779296875,336.7200012207031,24733100,337.56000366210935,-0.32638289175568325
2026-09-25,341.07000732421875,341.6700134277344,334.5299987792969,336.0400085449219,30002500,338.5480041503906,1.5331012415526368
2026-09-28,338.3999938964844,342.989990234375,338.0400085449219,340.3699951171875,32820800,338.4320007324219,-0.7828344241351815
2026-09-29,329.3999938964844,337.0899963378906,328.70001220703125,336.9700012207031,38478000,336.36199951171875,-2.6595745160542417
2026-09-30,333.0199890136719,339.5,330.1400146484375,330.79998779296875,49988600,335.56199951171874,1.098966358306952
2026-10-01,330.32000732421875,332.4800109863281,325.80999755859375,330.0,36306300,334.44199829101564,-0.8107566448037673
2026-10-02,333.6499938964844,334.5400085449219,330.6099853515625,333.2049865722656,21700683,332.95799560546874,1.0081092572140626
